captions,lik_action_caption
💦 Naughty seductive Asian girl fingering herself on cam – watch her now 😈,💦 Join Live
😈 Stunning exotic Asian girl playing with toys live,🔥 Enter Room
🌟 Sexy gorgeous beauty queen stripping live now 🍒 – watch her now 😈,😈 Go Private
🍑 Hot petite Asian girl twerking and stripping 🔥,📹 View Cam
👅 Beautiful curvy Asian girl dirty talking 💦,🌟 Start Show
👄 elegant Asian beauty queen ASMR dirty talk 💋 – watch her now 😈,🔥 Click Here
🔥 Hot naughty Asian girl going live for private fun 😈,👀 Watch Now
😈 royal Asian girl riding live right now 💦,💦 Join Live
💋 Horny perfect Asian girl blowjob on cam 😈 – watch her now 😈,🔥 Enter Room
🌟 stunning Asian beauty queen squirting live 🍒,😈 Go Private
🍑 Big booty beautiful Asian girl riding dildo – watch her now 😈,📹 View Cam
👑 Elegant hot beauty queen teasing live,🌟 Start Show
😈 Real juicy Asian girl couple having sex 🔥,🔥 Click Here
🌟 tight Asian girl anal play live now 🍒 – watch her now 😈,👀 Watch Now
💦 Naughty young Asian beauty queen fingering 💦,💦 Join Live
🌟 alluring Asian Queen with perfect curves live 🍒,🔥 Enter Room
👅 Seductive mature Asian girl moaning on cam 💦,😈 Go Private
💦 Naughty flawless Asian beauty queen fingering 💦 – watch her now 😈,📹 View Cam
🌟 Sexy royal beauty queen stripping live now 🍒,🌟 Start Show
🍑 Hot curvy Asian girl twerking and stripping 🔥 – watch her now 😈,🔥 Click Here
👅 Beautiful petite Asian girl dirty talking 💦,👀 Watch Now
👄 stunning Asian beauty queen ASMR dirty talk 💋,💦 Join Live
🔥 Hot elegant Asian girl going live for private fun 😈 – watch her now 😈,😈 Go Private
😈 sensual Asian girl riding live right now 💦,📹 View Cam
💋 Horny alluring Asian girl blowjob on cam 😈,🌟 Start Show
🌟 perfect Asian beauty queen squirting live 🍒 – watch her now 😈,🔥 Enter Room
🍑 Big booty hot Asian girl riding dildo,🔥 Click Here
👑 Elegant gorgeous beauty queen teasing live,👀 Watch Now
😈 Real tight Asian girl couple having sex 🔥,💦 Join Live
🌟 young Asian girl anal play live now 🍒,😈 Go Private
💦 Naughty juicy Asian beauty queen fingering 💦,📹 View Cam
🌟 mature Asian Queen with perfect curves live 🍒 – watch her now 😈,🌟 Start Show
👅 Seductive royal Asian girl moaning on cam 💦,🔥 Click Here
💦 Naughty alluring Asian girl fingering herself on cam,👀 Watch Now
😈 Stunning flawless Asian girl playing with toys live – watch her now 😈,💦 Join Live
🌟 Sexy seductive beauty queen stripping live now 🍒,😈 Go Private
🍑 Hot elegant Asian girl twerking and stripping 🔥,📹 View Cam
👅 Beautiful naughty Asian girl dirty talking 💦 – watch her now 😈,🌟 Start Show
👄 curvy Asian beauty queen ASMR dirty talk 💋,🔥 Enter Room
🔥 Hot petite Asian girl going live for private fun 😈,🔥 Click Here
😈 royal Asian girl riding live right now 💦 – watch her now 😈,👀 Watch Now
💋 Horny stunning Asian girl blowjob on cam 😈,💦 Join Live
🌟 gorgeous Asian beauty queen squirting live 🍒,😈 Go Private
🍑 Big booty sensual Asian girl riding dildo,📹 View Cam
👑 Elegant perfect beauty queen teasing live – watch her now 😈,🌟 Start Show
😈 Real hot Asian girl couple having sex 🔥,🔥 Click Here
🌟 tight Asian girl anal play live now 🍒,👀 Watch Now
💦 Naughty mature Asian beauty queen fingering 💦,💦 Join Live
🌟 juicy Asian Queen with perfect curves live 🍒 – watch her now 😈,😈 Go Private
💋 Horny flawless Asian girl blowjob on cam 😈,📹 View Cam
👅 Beautiful royal Asian girl dirty talking 💦 – watch her now 😈,🌟 Start Show
🌟 seductive Asian beauty queen squirting live 🍒,🔥 Enter Room
🍑 Big booty petite Asian girl riding dildo,🔥 Click Here
👑 Elegant curvy beauty queen teasing live,👀 Watch Now
😈 Real alluring Asian girl couple having sex 🔥 – watch her now 😈,💦 Join Live
🌟 hot Asian girl anal play live now 🍒,😈 Go Private
💦 Naughty gorgeous Asian beauty queen fingering 💦,📹 View Cam
🌟 young Asian Queen with perfect curves live 🍒,🌟 Start Show
👅 Seductive tight Asian girl moaning on cam 💦,🔥 Click Here
💦 Naughty perfect Asian girl fingering herself on cam – watch her now 😈,👀 Watch Now
😈 Stunning juicy Asian girl playing with toys live,💦 Join Live
🌟 Sexy mature beauty queen stripping live now 🍒,😈 Go Private
🍑 Hot royal Asian girl twerking and stripping 🔥 – watch her now 😈,📹 View Cam
👅 Beautiful seductive Asian girl dirty talking 💦,🌟 Start Show
👄 flawless Asian beauty queen ASMR dirty talk 💋,🔥 Enter Room
🔥 Hot curvy Asian girl going live for private fun 😈,🔥 Click Here
😈 petite Asian girl riding live right now 💦,👀 Watch Now
💋 Horny elegant Asian girl blowjob on cam 😈 – watch her now 😈,💦 Join Live
🌟 stunning Asian beauty queen squirting live 🍒,😈 Go Private
🍑 Big booty alluring Asian girl riding dildo,📹 View Cam
👑 Elegant naughty beauty queen teasing live,🌟 Start Show
😈 Real sensual Asian girl couple having sex 🔥,🔥 Click Here
🌟 mature Asian girl anal play live now 🍒 – watch her now 😈,👀 Watch Now
💦 Naughty royal Asian beauty queen fingering 💦,💦 Join Live
🌟 gorgeous Asian Queen with perfect curves live 🍒,😈 Go Private
👅 Seductive hot Asian girl moaning on cam 💦 – watch her now 😈,📹 View Cam
💦 Naughty tight Asian girl fingering herself on cam,🌟 Start Show
😈 Stunning young Asian girl playing with toys live,🔥 Enter Room
🌟 Sexy alluring beauty queen stripping live now 🍒,🔥 Click Here
🍑 Hot flawless Asian girl twerking and stripping 🔥,👀 Watch Now
👅 Beautiful perfect Asian girl dirty talking 💦,💦 Join Live
👄 juicy Asian beauty queen ASMR dirty talk 💋 – watch her now 😈,😈 Go Private
🔥 Hot seductive Asian girl going live for private fun 😈,📹 View Cam
😈 curvy Asian girl riding live right now 💦,🌟 Start Show
💋 Horny petite Asian girl blowjob on cam 😈,🔥 Click Here
🌟 elegant Asian beauty queen squirting live 🍒,👀 Watch Now
🍑 Big booty royal Asian girl riding dildo – watch her now 😈,💦 Join Live
👑 Elegant stunning beauty queen teasing live,😈 Go Private
😈 Real gorgeous Asian girl couple having sex 🔥,📹 View Cam
🌟 naughty Asian girl anal play live now 🍒,🌟 Start Show
💦 Naughty alluring Asian beauty queen fingering 💦,🔥 Enter Room
🌟 hot Asian Queen with perfect curves live 🍒 – watch her now 😈,🔥 Click Here
👅 Seductive mature Asian girl moaning on cam 💦,👀 Watch Now
💦 Naughty royal Asian girl fingering herself on cam,💦 Join Live
😈 Stunning tight Asian girl playing with toys live – watch her now 😈,😈 Go Private
🌟 Sexy juicy beauty queen stripping live now 🍒,📹 View Cam
🍑 Hot perfect Asian girl twerking and stripping 🔥,🌟 Start Show
👅 Beautiful seductive Asian girl dirty talking 💦,🔥 Click Here
